,entity_name,fiscal_year,total_revenues,estimated_population,revenues_per_capita
0,Chino,2006,101308351,78055,1298
1,Chino,2007,130508780,81224,1607
2,Chino,2008,103091347,82670,1247
3,Chino,2009,97321327,84173,1156
4,Chino,2010,95605230,84742,1128
5,Chino,2011,103694962,78537,1320
6,Chino,2012,103639800,79171,1309
7,Chino,2013,113360748,79873,1419
8,Chino,2014,125954502,81747,1541
9,Chino,2015,139821339,84465,1655
10,Chino,2016,131991886,85934,1536
11,Chico,2003,58298526,68589,850
12,Chico,2004,63243951,71317,887
13,Chico,2005,64047837,73558,871
14,Chico,2006,74289960,79091,939
15,Chico,2007,76493760,84396,906
16,Chico,2008,84358242,86949,970
17,Chico,2009,95251449,87713,1086
18,Chico,2010,81696070,88228,926
19,Chico,2011,77689872,86900,894
20,Chico,2012,89943556,87500,1028
21,Chico,2013,80265843,87671,916
22,Chico,2014,91821629,88389,1039
23,Chico,2015,95011008,89634,1060
24,Chico,2016,86937449,92464,940
25,Cerritos,2003,80352125,54228,1482
26,Cerritos,2004,71837586,54666,1314
27,Cerritos,2005,81907533,55074,1487
28,Cerritos,2006,96950096,54834,1768
29,Cerritos,2007,95286141,54943,1734
30,Cerritos,2008,92806709,54870,1691
31,Cerritos,2009,83943899,54855,1530
32,Cerritos,2010,80465925,54946,1464
33,Cerritos,2011,81513080,49181,1657
34,Cerritos,2012,78805467,49223,1601
35,Cerritos,2013,76153339,49470,1539
36,Cerritos,2014,79016121,49741,1589
37,Cerritos,2015,91221269,49968,1826
38,Cerritos,2016,83102063,49412,1682
39,Ceres,2003,25130967,36411,690
40,Ceres,2004,30331536,37338,812
41,Ceres,2005,39950513,38813,1029
42,Ceres,2006,34861454,40943,851
43,Ceres,2007,37396397,41997,890
44,Ceres,2008,30597810,42813,715
45,Ceres,2009,32552539,42998,757
46,Ceres,2010,31701980,43219,734
47,Ceres,2011,34170862,45670,748
48,Ceres,2012,34815909,45854,759
49,Ceres,2013,38811586,46320,838
50,Ceres,2014,43141243,46463,929
51,Ceres,2015,41917044,46989,892
52,Ceres,2016,41795338,47166,886
53,Cathedral City,2003,32711066,47292,692
54,Cathedral City,2004,26061991,48588,536
55,Cathedral City,2005,30039688,50632,593
56,Cathedral City,2006,66768801,51081,1307
57,Cathedral City,2007,157275629,52115,3018
58,Cathedral City,2008,37946340,52465,723
59,Cathedral City,2009,39313022,52447,750
60,Cathedral City,2010,47295829,52841,895
61,Cathedral City,2011,51931975,51603,1006
62,Cathedral City,2012,43188106,51952,831
63,Cathedral City,2013,43845750,52337,838
64,Cathedral City,2014,54405573,52595,1034
65,Cathedral City,2015,48199796,52903,911
66,Cathedral City,2016,48035173,54261,885
67,Carson,2003,63297357,94826,668
68,Carson,2004,60472251,96295,628
69,Carson,2005,66876198,98329,680
70,Carson,2006,70013802,97981,715
71,Carson,2007,76838250,98178,783
72,Carson,2008,74545382,97960,761
73,Carson,2009,68437536,98159,697
74,Carson,2010,79348019,98047,809
75,Carson,2011,79909823,91548,873
76,Carson,2012,91112728,91828,992
77,Carson,2013,85024863,92196,922
78,Carson,2014,85526314,92636,923
79,Carson,2015,127830064,93148,1372
80,Carson,2016,89342905,93993,951
81,Carpinteria,2003,8686790,14394,604
82,Carpinteria,2004,8188574,14364,570
83,Carpinteria,2005,8509970,14340,593
84,Carpinteria,2006,9833071,14172,694
85,Carpinteria,2007,10415204,14123,737
86,Carpinteria,2008,11332281,14271,794
87,Carpinteria,2009,10318467,14409,716
88,Carpinteria,2010,10896140,14528,750
89,Carpinteria,2011,9128553,13104,697
90,Carpinteria,2012,11729125,13076,897
91,Carpinteria,2013,11074988,13099,845
92,Carpinteria,2014,10458891,13442,778
93,Carpinteria,2015,11138164,13547,822
94,Carpinteria,2016,11151371,13928,801
95,Carmel-By-The-Sea,2003,12950429,4094,3163
96,Carmel-By-The-Sea,2004,11290942,4102,2753
97,Carmel-By-The-Sea,2005,11909320,4078,2920
98,Carmel-By-The-Sea,2006,12462258,4038,3086
99,Carmel-By-The-Sea,2007,13677862,4053,3375
100,Carmel-By-The-Sea,2008,14555554,4049,3595
101,Carmel-By-The-Sea,2009,13233957,4037,3278
102,Carmel-By-The-Sea,2010,12638558,4053,3118
103,Carmel-By-The-Sea,2011,20437284,3738,5467
104,Carmel-By-The-Sea,2012,13062630,3763,3471
105,Carmel-By-The-Sea,2013,14330011,3775,3796
106,Carmel-By-The-Sea,2014,19578413,3722,5260
107,Carmel-By-The-Sea,2015,20349292,3747,5431
108,Carmel-By-The-Sea,2016,20312387,3833,5299
109,Carlsbad,2003,176057637,90271,1950
110,Carlsbad,2004,180661459,92995,1943
111,Carlsbad,2005,205964746,95146,2165
112,Carlsbad,2006,236631341,98607,2400
113,Carlsbad,2007,288938852,101337,2851
114,Carlsbad,2008,256730419,103811,2473
115,Carlsbad,2009,219065814,104652,2093
116,Carlsbad,2010,216396023,106804,2026
117,Carlsbad,2011,212804827,106555,1997
118,Carlsbad,2012,214310691,107674,1990
119,Carlsbad,2013,227599026,108246,2103
120,Carlsbad,2014,240372793,110169,2182
121,Carlsbad,2015,255900009,110653,2313
122,Carlsbad,2016,208710367,112930,1848
123,Capitola,2003,11283904,10138,1113
124,Capitola,2004,12761653,10058,1269
125,Capitola,2005,11801000,9924,1189
126,Capitola,2006,13851842,9945,1393
127,Capitola,2007,14841346,9960,1490
128,Capitola,2008,14833223,10015,1481
129,Capitola,2009,13743197,10073,1364
130,Capitola,2010,13932475,10198,1366
131,Capitola,2011,14111639,9974,1415
132,Capitola,2012,14977878,9981,1501
133,Capitola,2013,15330291,9988,1535
134,Capitola,2014,16773037,10136,1655
135,Capitola,2015,16039919,10052,1596
136,Capitola,2016,17235886,10150,1698
137,Canyon Lake,2003,4293151,10511,408
138,Canyon Lake,2004,3745170,10658,351
139,Canyon Lake,2005,4739138,10912,434
140,Canyon Lake,2006,3887199,10939,355
141,Canyon Lake,2007,3944267,10969,360
142,Canyon Lake,2008,4238284,11051,384
143,Canyon Lake,2009,3706499,11128,333
144,Canyon Lake,2010,3844106,11225,342
145,Canyon Lake,2011,4075764,10647,383
146,Canyon Lake,2012,6148395,10689,575
147,Canyon Lake,2013,8835647,10768,821
148,Canyon Lake,2014,4125348,10826,381
149,Canyon Lake,2015,4460633,10901,409
150,Canyon Lake,2016,5267430,10681,493
151,Campbell,2003,32891311,38300,859
152,Campbell,2004,31059790,38179,814
153,Campbell,2005,33583551,38415,874
154,Campbell,2006,35231171,38408,917
155,Campbell,2007,37893677,39748,953
156,Campbell,2008,38244424,40161,952
157,Campbell,2009,39896027,40420,987
158,Campbell,2010,37199184,40860,910
159,Campbell,2011,40087404,39664,1011
160,Campbell,2012,42136384,39882,1057
161,Campbell,2013,45748435,40404,1132
162,Campbell,2014,50818475,41993,1210
163,Campbell,2015,50949847,41857,1217
164,Campbell,2016,60301132,42584,1416
165,Camarillo,2003,54911279,60515,907
166,Camarillo,2004,46562783,61746,754
167,Camarillo,2005,55856103,62739,890
168,Camarillo,2006,72354924,64034,1130
169,Camarillo,2007,63824922,65601,973
170,Camarillo,2008,62943468,65453,962
171,Camarillo,2009,59493131,66149,899
172,Camarillo,2010,57436152,66690,861
173,Camarillo,2011,89182991,65830,1355
174,Camarillo,2012,73361211,66407,1105
175,Camarillo,2013,69608094,66428,1048
176,Camarillo,2014,84904927,66752,1272
177,Camarillo,2015,85177820,67154,1268
178,Camarillo,2016,75940836,69924,1086
179,Calistoga,2003,10436149,5237,1993
180,Calistoga,2004,10464041,5192,2015
181,Calistoga,2005,9985623,5223,1912
182,Calistoga,2006,14418686,5258,2742
183,Calistoga,2007,11753696,5302,2217
184,Calistoga,2008,15748629,5302,2970
185,Calistoga,2009,17456937,5331,3275
186,Calistoga,2010,13368886,5370,2490
187,Calistoga,2011,13244862,5188,2553
188,Calistoga,2012,18868293,5200,3629
189,Calistoga,2013,15907254,5194,3063
190,Calistoga,2014,17483409,5224,3347
191,Calistoga,2015,15905231,5261,3023
192,Calistoga,2016,23418795,5180,4521
193,Calipatria,2003,3405587,7624,447
194,Calipatria,2004,2720976,7851,347
195,Calipatria,2005,3612292,7904,457
196,Calipatria,2006,3191495,7828,408
197,Calipatria,2007,3229841,7773,416
198,Calipatria,2008,6741705,7774,867
199,Calipatria,2009,3422627,8108,422
200,Calipatria,2010,3772878,8233,458
201,Calipatria,2011,3290381,7665,429
202,Calipatria,2012,4230332,7980,530
203,Calipatria,2013,3401950,7134,477
204,Calipatria,2014,5009975,7517,666
205,Calipatria,2015,3425466,7466,459
206,Calipatria,2016,4057203,7468,543
207,Calimesa,2003,3862595,7333,527
208,Calimesa,2004,3777116,7348,514
209,Calimesa,2005,4281708,7434,576
210,Calimesa,2006,4927097,7415,664
211,Calimesa,2007,5539397,7414,747
212,Calimesa,2008,6501032,7536,863
213,Calimesa,2009,7246336,7498,966
214,Calimesa,2010,5843837,7555,774
215,Calimesa,2011,6243334,7941,786
216,Calimesa,2012,4480319,7998,560
217,Calimesa,2013,5639995,8094,697
218,Calimesa,2014,8142442,8231,989
219,Calimesa,2015,8094428,8353,969
220,Calimesa,2016,7762038,8289,936
221,California City,2003,17214222,11111,1549
222,California City,2004,16833314,11311,1488
223,California City,2005,15824180,11504,1376
224,California City,2006,15386093,12048,1277
225,California City,2007,15951230,13123,1216
226,California City,2008,19136334,14365,1332
227,California City,2009,21556908,14828,1454
228,California City,2010,17947835,15014,1195
229,California City,2011,9141828,12858,711
230,California City,2012,16931314,13260,1277
231,California City,2013,18060475,13150,1373
232,California City,2014,15086342,13276,1136
233,California City,2015,19462201,13165,1478
234,California City,2016,21560483,13992,1541
235,Calexico,2003,34652972,31778,1090
236,Calexico,2004,33097612,32602,1015
237,Calexico,2005,33123445,36274,913
238,Calexico,2006,35735999,36740,973
239,Calexico,2007,42085389,37552,1121
240,Calexico,2008,45268828,38733,1169
241,Calexico,2009,41713816,39337,1060
242,Calexico,2010,39021888,40075,974
243,Calexico,2011,45064049,39077,1153
244,Calexico,2012,36033584,39533,911
245,Calexico,2013,33481877,40493,827
246,Calexico,2014,35449219,40564,874
247,Calexico,2015,47677954,41033,1162
248,Calexico,2016,42260809,40211,1051
249,Calabasas,2004,30480234,22889,1332
250,Calabasas,2005,30560969,23123,1322
251,Calabasas,2006,31915605,23387,1365
252,Calabasas,2007,65745430,23652,2780
253,Calabasas,2008,33393713,23725,1408
254,Calabasas,2009,32066417,23735,1351
255,Calabasas,2010,32827570,23788,1380
256,Calabasas,2011,40506825,23134,1751
257,Calabasas,2012,33211625,23683,1402
258,Calabasas,2013,33518336,23802,1408
259,Calabasas,2014,37493377,23943,1566
260,Calabasas,2015,86271539,24212,3563
261,Calabasas,2016,48585392,24263,2002
262,Burlingame,2003,56451924,28258,1998
263,Burlingame,2004,58515168,27929,2095
264,Burlingame,2005,62822668,28280,2221
265,Burlingame,2006,67716611,28322,2391
266,Burlingame,2007,100529091,28667,3507
267,Burlingame,2008,71945557,28867,2492
268,Burlingame,2009,70340662,29060,2421
269,Burlingame,2010,70110806,29342,2389
270,Burlingame,2011,93268505,29009,3215
271,Burlingame,2012,87219437,29106,2997
272,Burlingame,2013,114337016,29426,3886
273,Burlingame,2014,102420654,29685,3450
274,Burlingame,2015,105593117,29890,3533
275,Burlingame,2016,120466452,29724,4053
276,Burbank,2003,488173050,104497,4672
277,Burbank,2004,529047385,105437,5018
278,Burbank,2005,477182826,106739,4471
279,Burbank,2006,587041592,106879,5493
280,Burbank,2007,660512104,107921,6120
281,Burbank,2008,669546694,108029,6198
282,Burbank,2009,545591077,108082,5048
283,Burbank,2010,540803516,108469,4986
284,Burbank,2011,539530452,104304,5173
285,Burbank,2012,460407616,104427,4409
286,Burbank,2013,517005538,104982,4925
287,Burbank,2014,486828010,105543,4613
288,Burbank,2015,492874631,106084,4646
289,Burbank,2016,477798809,105110,4546
290,Buena Park,2003,56597512,80617,702
291,Buena Park,2004,57156185,80634,709
292,Buena Park,2005,64405934,81066,794
293,Buena Park,2006,69316729,81349,852
294,Buena Park,2007,85349497,82452,1035
295,Buena Park,2008,88583116,82768,1070
296,Buena Park,2009,96937394,83385,1163
297,Buena Park,2010,72417060,84141,861
298,Buena Park,2011,81676380,80868,1010
299,Buena Park,2012,77644607,81460,953
300,Buena Park,2013,85793949,81953,1047
301,Buena Park,2014,86647214,82344,1052
302,Buena Park,2015,85956999,82767,1039
303,Buena Park,2016,87540902,83347,1050
304,Buellton,2003,9552487,4213,2267
305,Buellton,2004,7619918,4458,1709
306,Buellton,2005,7070911,4552,1553
307,Buellton,2006,7459744,4548,1640
308,Buellton,2007,9295116,4663,1993
309,Buellton,2008,9652374,4700,2054
310,Buellton,2009,8028690,4740,1694
311,Buellton,2010,7302228,4833,1511
312,Buellton,2011,7708052,4878,1580
313,Buellton,2012,7601040,4858,1565
314,Buellton,2013,8764940,4863,1802
315,Buellton,2014,8448041,4893,1727
316,Buellton,2015,9111095,4931,1848
317,Buellton,2016,10982188,4957,2215
318,Brisbane,2003,10935436,3647,2998
319,Brisbane,2004,13103348,3637,3603
320,Brisbane,2005,17632280,3724,4735
321,Brisbane,2006,23491111,3744,6274
322,Brisbane,2007,27254365,3789,7193
323,Brisbane,2008,26706312,3861,6917
324,Brisbane,2009,23056226,3938,5855
325,Brisbane,2010,21316101,3993,5338
326,Brisbane,2011,19631382,4328,4536
327,Brisbane,2012,22252119,4347,5119
328,Brisbane,2013,25032636,4379,5717
329,Brisbane,2014,23458048,4431,5294
330,Brisbane,2015,29353486,4541,6464
331,Brisbane,2016,22368592,4699,4760
332,Brentwood,2003,115331152,33021,3493
333,Brentwood,2004,124070334,37060,3348
334,Brentwood,2005,132163009,40912,3230
335,Brentwood,2006,114176196,45892,2488
336,Brentwood,2007,122516007,48907,2505
337,Brentwood,2008,108677415,50614,2147
338,Brentwood,2009,152772877,51908,2943
339,Brentwood,2010,122082797,52492,2326
340,Brentwood,2011,86595730,52029,1664
341,Brentwood,2012,99023815,52575,1883
342,Brentwood,2013,110266535,53278,2070
343,Brentwood,2014,110307320,54741,2015
344,Brentwood,2015,111593464,56493,1975
345,Brentwood,2016,137150828,58784,2333
346,Brea,2003,77241043,37962,2035
347,Brea,2004,64170620,38960,1647
348,Brea,2005,68985613,39584,1743
349,Brea,2006,68115421,39560,1722
350,Brea,2007,76350073,39870,1915
351,Brea,2008,96218292,40081,2401
352,Brea,2009,110974848,40176,2762
353,Brea,2010,93650514,40377,2319
354,Brea,2011,83596968,40065,2087
355,Brea,2012,92132122,40932,2251
356,Brea,2013,108190757,41394,2614
357,Brea,2014,82744643,42397,1952
358,Brea,2015,89136875,43328,2057
359,Brea,2016,92773736,43710,2122
360,Brawley,2003,23629238,22565,1047
361,Brawley,2004,22874013,23785,962
362,Brawley,2005,30236351,24042,1258
363,Brawley,2006,30934576,25488,1214
364,Brawley,2007,33174084,25694,1291
365,Brawley,2008,26844705,26513,1013
366,Brawley,2009,24512424,26948,910
367,Brawley,2010,32462125,27743,1170
368,Brawley,2011,44819513,25304,1771
369,Brawley,2012,33785837,25465,1327
370,Brawley,2013,33786764,25906,1304
371,Brawley,2014,35771086,25897,1381
372,Brawley,2015,28138486,26273,1071
373,Brawley,2016,29796828,26566,1122
374,Bradbury,2003,811345,921,881
375,Bradbury,2004,835482,938,891
376,Bradbury,2005,754188,951,793
377,Bradbury,2006,787132,940,837
378,Bradbury,2007,1237019,938,1319
379,Bradbury,2008,1187047,948,1252
380,Bradbury,2009,1771593,953,1859
381,Bradbury,2010,1502435,963,1560
382,Bradbury,2011,1276231,1059,1205
383,Bradbury,2012,968543,1065,909
384,Bradbury,2013,1341470,1074,1249
385,Bradbury,2014,1668331,1082,1542
386,Bradbury,2015,1843017,1087,1696
387,Bradbury,2016,2340336,1123,2084
388,Blythe,2003,15770694,21211,744
389,Blythe,2004,16336875,21970,744
390,Blythe,2005,20554933,22005,934
391,Blythe,2006,29722320,22179,1340
392,Blythe,2007,25793831,22625,1140
393,Blythe,2008,20257757,21695,934
394,Blythe,2009,20943842,21329,982
395,Blythe,2010,17829787,21812,817
396,Blythe,2011,17919671,20158,889
397,Blythe,2012,20210495,20400,991
398,Blythe,2013,19565261,19606,998
399,Blythe,2014,18915994,18992,996
400,Blythe,2015,19337626,18909,1023
401,Blythe,2016,24759096,19813,1250
402,Blue Lake,2003,1356936,1160,1170
403,Blue Lake,2004,1593817,1171,1361
404,Blue Lake,2005,1702644,1178,1445
405,Blue Lake,2006,1693457,1170,1447
406,Blue Lake,2007,2188757,1152,1900
407,Blue Lake,2008,1695402,1166,1454
408,Blue Lake,2009,3507663,1169,3001
409,Blue Lake,2010,2099527,1170,1794
410,Blue Lake,2011,2482759,1265,1963
411,Blue Lake,2012,2017238,1255,1607
412,Blue Lake,2013,2167591,1260,1720
413,Blue Lake,2014,2831932,1251,2264
414,Blue Lake,2015,2879603,1260,2285
415,Blue Lake,2016,2251575,1287,1749
416,Bishop,2003,5593095,3617,1546
417,Bishop,2004,6021903,3632,1658
418,Bishop,2005,7221359,3643,1982
419,Bishop,2006,7766655,3616,2148
420,Bishop,2007,11213511,3585,3128
421,Bishop,2008,11423762,3551,3217
422,Bishop,2009,9431931,3536,2667
423,Bishop,2010,8799332,3543,2484
424,Bishop,2011,9968009,3893,2560
425,Bishop,2012,8653123,3858,2243
426,Bishop,2013,8805969,3877,2271
427,Bishop,2014,10178719,3875,2627
428,Bishop,2015,9252620,3881,2384
429,Bishop,2016,9548325,3971,2405
430,Biggs,2003,2171538,1809,1200
431,Biggs,2004,2859054,1805,1584
432,Biggs,2005,3382553,1788,1892
433,Biggs,2006,3752287,1780,2108
434,Biggs,2007,7023762,1769,3970
435,Biggs,2008,7365564,1776,4147
436,Biggs,2009,4850766,1777,2730
437,Biggs,2010,5381907,1787,3012
438,Biggs,2011,4323029,1714,2522
439,Biggs,2012,4610099,1696,2718
440,Biggs,2013,4178956,1692,2470
441,Biggs,2014,5510428,1684,3272
442,Biggs,2015,6516144,1746,3732
443,Biggs,2016,6117534,1899,3221
444,Big Bear Lake,2003,24647377,5872,4197
445,Big Bear Lake,2004,25290037,6028,4195
446,Big Bear Lake,2005,28359349,6148,4613
447,Big Bear Lake,2006,29051599,6182,4699
448,Big Bear Lake,2007,30349233,6207,4890
449,Big Bear Lake,2008,29075360,6256,4648
450,Big Bear Lake,2009,27731444,6255,4433
451,Big Bear Lake,2010,29588878,6278,4713
452,Big Bear Lake,2011,33140596,5051,6561
453,Big Bear Lake,2012,33414378,5088,6567
454,Big Bear Lake,2013,40581363,5111,7940
455,Big Bear Lake,2014,35539228,5121,6940
456,Big Bear Lake,2015,37128524,5165,7188
457,Big Bear Lake,2016,35977958,4905,7335
458,Beverly Hills,2003,163509343,35350,4625
459,Beverly Hills,2004,182028186,35701,5099
460,Beverly Hills,2005,183983569,35969,5115
461,Beverly Hills,2006,205734891,35813,5745
462,Beverly Hills,2007,307589375,36084,8524
463,Beverly Hills,2008,266771245,35983,7414
464,Beverly Hills,2009,237436244,36090,6579
465,Beverly Hills,2010,267936227,36224,7397
466,Beverly Hills,2011,264514752,34210,7732
467,Beverly Hills,2012,273426217,34291,7974
468,Beverly Hills,2013,287245958,34494,8327
469,Beverly Hills,2014,294527122,34677,8493
470,Beverly Hills,2015,330402174,34833,9485
471,Beverly Hills,2016,334544323,34763,9624
472,Berkeley,2003,240073043,104558,2296
473,Berkeley,2004,258475425,104279,2479
474,Berkeley,2005,271660764,104534,2599
475,Berkeley,2006,289129278,105385,2744
476,Berkeley,2007,294733262,106347,2771
477,Berkeley,2008,289228401,106697,2711
478,Berkeley,2009,300131042,107178,2800
479,Berkeley,2010,302932021,108119,2802
480,Berkeley,2011,313302990,114046,2747
481,Berkeley,2012,289316516,114821,2520
482,Berkeley,2013,296093704,115716,2559
483,Berkeley,2014,337856372,117372,2879
484,Berkeley,2015,329352291,118780,2773
485,Berkeley,2016,400105232,119915,3337
486,Benicia,2003,40350362,27035,1493
487,Benicia,2004,44482027,26990,1648
488,Benicia,2005,60585790,27323,2217
489,Benicia,2006,70382871,27319,2576
490,Benicia,2007,59917185,27916,2146
491,Benicia,2008,56383248,27978,2015
492,Benicia,2009,54045697,27977,1932
493,Benicia,2010,52741010,28086,1878
494,Benicia,2011,66214033,27118,2442
495,Benicia,2012,56291512,26919,2091
496,Benicia,2013,49338308,27163,1816
497,Benicia,2014,52688444,27454,1919
498,Benicia,2015,58616440,27689,2117
499,Benicia,2016,62227307,27501,2263
500,Belvedere,2003,5386670,2137,2521
501,Belvedere,2004,5677923,2129,2667
502,Belvedere,2005,5953414,2132,2792
503,Belvedere,2006,5564274,2136,2605
504,Belvedere,2007,5729531,2149,2666
505,Belvedere,2008,6279797,2161,2906
506,Belvedere,2009,5877213,2158,2723
507,Belvedere,2010,6236440,2175,2867
508,Belvedere,2011,5671660,2083,2723
509,Belvedere,2012,6276292,2090,3003
510,Belvedere,2013,6459018,2086,3096
511,Belvedere,2014,6554189,2094,3130
512,Belvedere,2015,6875043,2121,3241
513,Belvedere,2016,7222970,2162,3341
514,Belmont,2003,21753111,25397,857
515,Belmont,2004,34462649,25107,1373
516,Belmont,2005,23660034,25470,929
517,Belmont,2006,32790261,25648,1278
518,Belmont,2007,26868665,25897,1038
519,Belmont,2008,27426436,26078,1052
520,Belmont,2009,26701683,26250,1017
521,Belmont,2010,31806667,26507,1200
522,Belmont,2011,39324830,26031,1511
523,Belmont,2012,35488549,26123,1359
524,Belmont,2013,35395782,26316,1345
525,Belmont,2014,32559647,26559,1226
526,Belmont,2015,42131371,26748,1575
527,Belmont,2016,70116357,27834,2519
528,Bellflower,2003,27185310,76428,356
529,Bellflower,2004,33576629,77002,436
530,Bellflower,2005,30984161,77513,400
531,Bellflower,2006,31768412,77039,412
532,Bellflower,2007,33795496,77189,438
533,Bellflower,2008,36863222,77110,478
534,Bellflower,2009,33152253,77194,429
535,Bellflower,2010,34089697,77312,441
536,Bellflower,2011,34817232,76840,453
537,Bellflower,2012,37500326,76907,488
538,Bellflower,2013,38773208,77289,502
539,Bellflower,2014,40277886,77741,518
540,Bellflower,2015,41831620,78106,536
541,Bellflower,2016,47073522,76363,616
542,Bell Gardens,2003,24960572,45769,545
543,Bell Gardens,2004,22931826,45931,499
544,Bell Gardens,2005,28796602,46310,622
545,Bell Gardens,2006,33520422,46044,728
546,Bell Gardens,2007,28720504,46760,614
547,Bell Gardens,2008,29541854,46766,632
548,Bell Gardens,2009,33429096,46786,715
549,Bell Gardens,2010,33624374,47002,715
550,Bell Gardens,2011,35507141,42188,842
551,Bell Gardens,2012,32534391,42231,770
552,Bell Gardens,2013,33227614,42437,783
553,Bell Gardens,2014,33111065,42667,776
554,Bell Gardens,2015,33834687,42875,789
555,Bell Gardens,2016,36894135,42952,859
556,Bell,2003,18782885,38233,491
557,Bell,2004,20218999,38656,523
558,Bell,2005,39883288,38961,1024
559,Bell,2006,31862785,38821,821
560,Bell,2007,49862253,38982,1279
561,Bell,2008,96373313,38762,2486
562,Bell,2009,26811038,38759,692
563,Bell,2010,27267323,38867,702
564,Bell,2011,23651076,35577,665
565,Bell,2012,22086722,35607,620
566,Bell,2013,22909394,35783,640
567,Bell,2014,79294017,35972,2204
568,Bell,2015,26480069,36135,733
569,Bell,2016,27897913,36716,760
570,Beaumont,2003,43687577,13783,3170
571,Beaumont,2004,40884497,16343,2502
572,Beaumont,2005,37992261,18982,2001
573,Beaumont,2008,48680530,31477,1547
574,Beaumont,2009,67875595,32403,2095
575,Beaumont,2010,45014405,34217,1316
576,Beaumont,2011,66775135,38195,1748
577,Beaumont,2012,55386628,38851,1426
578,Beaumont,2013,54706184,39776,1375
579,Beaumont,2014,35530592,40876,869
580,Beaumont,2015,58983018,42481,1388
581,Beaumont,2016,42397643,45118,940
582,Barstow,2003,23298241,22980,1014
583,Barstow,2004,23247194,23208,1002
584,Barstow,2005,27237608,23546,1157
585,Barstow,2006,29945301,23599,1269
586,Barstow,2007,34207483,23943,1429
587,Barstow,2008,33271914,23952,1389
588,Barstow,2009,32173515,24213,1329
589,Barstow,2010,30008890,24281,1236
590,Barstow,2011,40226603,22839,1761
591,Barstow,2012,24068945,23019,1046
592,Barstow,2013,42009014,23168,1813
593,Barstow,2014,38145783,23292,1638
594,Barstow,2015,38485892,23407,1644
595,Barstow,2016,34050847,24360,1398
596,Banning,2003,52693041,25504,2066
597,Banning,2004,50718825,27192,1865
598,Banning,2005,53522438,27954,1915
599,Banning,2006,74224758,28128,2639
600,Banning,2007,62785190,28272,2221
601,Banning,2008,111304179,28348,3926
602,Banning,2009,63379039,28457,2227
603,Banning,2010,58069632,28751,2020
604,Banning,2011,60785178,29844,2037
605,Banning,2012,62155224,29965,2074
606,Banning,2013,51274072,30170,1700
607,Banning,2014,52208711,30325,1722
608,Banning,2015,52528836,30491,1723
609,Banning,2016,54368891,30834,1763
610,Baldwin Park,2003,33179453,79573,417
611,Baldwin Park,2004,28483414,80332,355
612,Baldwin Park,2005,40148179,81226,494
613,Baldwin Park,2006,33361431,80986,412
614,Baldwin Park,2007,49870803,81146,615
615,Baldwin Park,2008,45625882,81281,561
616,Baldwin Park,2009,49668230,81445,610
617,Baldwin Park,2010,47246453,81604,579
618,Baldwin Park,2011,46039331,75664,608
619,Baldwin Park,2012,43118331,75830,569
620,Baldwin Park,2013,46119234,76315,604
621,Baldwin Park,2014,45656331,76715,595
622,Baldwin Park,2015,46550561,77047,604
623,Baldwin Park,2016,44375132,74738,594
624,Bakersfield,2003,227494654,266784,853
625,Bakersfield,2004,246716004,279672,882
626,Bakersfield,2005,288055571,295893,974
627,Bakersfield,2006,324073564,311824,1039
628,Bakersfield,2007,409999320,323213,1269
629,Bakersfield,2008,627097202,328692,1908
630,Bakersfield,2009,397826681,333719,1192
631,Bakersfield,2010,386489109,338952,1140
632,Bakersfield,2011,382139943,351443,1087
633,Bakersfield,2012,394888691,354480,1114
634,Bakersfield,2013,413168398,359221,1150
635,Bakersfield,2014,470699711,367315,1281
636,Bakersfield,2015,466660160,369505,1263
637,Bakersfield,2016,492445981,379110,1299
638,Azusa,2003,78908819,47165,1673
639,Azusa,2004,83348016,48166,1730
640,Azusa,2005,86195159,48520,1776
641,Azusa,2006,93192301,48302,1929
642,Azusa,2007,152390243,48640,3133
643,Azusa,2008,91676007,48743,1881
644,Azusa,2009,98611343,48932,2015
645,Azusa,2010,100144331,49207,2035
646,Azusa,2011,101832239,46399,2195
647,Azusa,2012,99968489,46618,2144
648,Azusa,2013,109378055,47586,2299
649,Azusa,2014,111749930,48385,2310
650,Azusa,2015,109643548,49425,2218
651,Azusa,2016,116728161,49485,2359
652,Avenal,2003,8666015,15334,565
653,Avenal,2004,8069094,16205,498
654,Avenal,2005,8529293,16187,527
655,Avenal,2006,9172398,16349,561
656,Avenal,2007,14961865,16737,894
657,Avenal,2008,11506097,16609,693
658,Avenal,2009,12566857,15871,792
659,Avenal,2010,10748851,16236,662
660,Avenal,2011,12457788,15094,825
661,Avenal,2012,12500591,14885,840
662,Avenal,2013,12025026,14225,845
663,Avenal,2014,11431086,13239,863
664,Avenal,2015,9517673,13159,723
665,Avenal,2016,14546288,12373,1176
666,Avalon,2003,13194224,3317,3978
667,Avalon,2004,12352432,3497,3532
668,Avalon,2005,14541759,3508,4145
669,Avalon,2006,16199958,3488,4644
670,Avalon,2007,15259423,3521,4334
671,Avalon,2008,15350397,3532,4346
672,Avalon,2009,15246514,3540,4307
673,Avalon,2010,15455860,3559,4343
674,Avalon,2011,16229819,3771,4304
675,Avalon,2012,16760248,3780,4434
676,Avalon,2013,18437109,3797,4856
677,Avalon,2014,21542096,3820,5639
678,Avalon,2015,22316257,3840,5812
679,Avalon,2016,23042807,3678,6265
680,Auburn,2003,17759329,12235,1452
681,Auburn,2004,15846608,12634,1254
682,Auburn,2005,14866565,12849,1157
683,Auburn,2006,21687305,12975,1671
684,Auburn,2007,19208107,13112,1465
685,Auburn,2008,18034874,13273,1359
686,Auburn,2009,17476093,13432,1301
687,Auburn,2010,24345619,13578,1793
688,Auburn,2011,15932065,13410,1188
689,Auburn,2012,15340209,13468,1139
690,Auburn,2013,18906163,13446,1406
691,Auburn,2014,18101424,13804,1311
692,Auburn,2015,19828730,13818,1435
693,Auburn,2016,20056077,14070,1425
694,Atwater,2003,19055174,26016,732
695,Atwater,2004,18991865,26376,720
696,Atwater,2005,25165001,26693,943
697,Atwater,2006,27273965,27307,999
698,Atwater,2007,23951380,27618,867
699,Atwater,2008,28619676,27571,1038
700,Atwater,2009,29441754,27369,1076
701,Atwater,2010,28786949,27755,1037
702,Atwater,2011,92075660,28377,3245
703,Atwater,2012,25861103,28568,905
704,Atwater,2013,28859335,28931,998
705,Atwater,2014,33237333,29050,1144
706,Atwater,2015,34292060,29023,1182
707,Atwater,2016,35413064,30061,1178
708,Atherton,2003,10537116,7214,1461
709,Atherton,2004,10189390,7176,1420
710,Atherton,2005,11414784,7256,1573
711,Atherton,2006,12799361,7262,1763
712,Atherton,2007,13279757,7423,1789
713,Atherton,2008,14980796,7475,2004
714,Atherton,2009,13782006,7468,1845
715,Atherton,2010,13706319,7554,1814
716,Atherton,2011,14956638,6917,2162
717,Atherton,2012,14131629,6888,2052
718,Atherton,2013,14286078,6893,2073
719,Atherton,2014,15425126,6917,2230
720,Atherton,2015,18906240,6935,2726
721,Atherton,2016,19983004,7150,2795
722,Atascadero,2003,20365816,27404,743
723,Atascadero,2004,18484113,27691,668
724,Atascadero,2005,21948348,27596,795
725,Atascadero,2006,27609875,27658,998
726,Atascadero,2007,32405162,27778,1167
727,Atascadero,2008,28278699,28590,989
728,Atascadero,2009,22901493,28438,805
729,Atascadero,2010,21357648,28560,748
730,Atascadero,2011,48757243,28662,1701
731,Atascadero,2012,28819599,28477,1012
732,Atascadero,2013,28298802,28687,986
733,Atascadero,2014,27284266,28675,952
734,Atascadero,2015,27649944,29169,948
735,Atascadero,2016,28754731,30879,931
736,Arvin,2003,3452785,14034,246
737,Arvin,2004,3197363,14499,221
738,Arvin,2005,4397182,14966,294
739,Arvin,2006,6914459,15027,460
740,Arvin,2007,8030669,16138,498
741,Arvin,2008,7485901,16517,453
742,Arvin,2009,7669914,16675,460
743,Arvin,2010,8966766,16918,530
744,Arvin,2011,11168131,19596,570
745,Arvin,2012,9296384,19849,468
746,Arvin,2013,9457617,19960,474
747,Arvin,2014,10556542,20226,522
748,Arvin,2015,13254617,20113,659
749,Arvin,2016,9581719,20978,457
750,Artesia,2003,8465981,17007,498
751,Artesia,2004,9055839,17199,527
752,Artesia,2005,9633566,17311,556
753,Artesia,2006,9449392,17496,540
754,Artesia,2007,9914839,17589,564
755,Artesia,2008,8856766,17552,505
756,Artesia,2009,8292375,17551,472
757,Artesia,2010,8062427,17608,458
758,Artesia,2011,8475327,16579,511
759,Artesia,2012,9060126,16594,546
760,Artesia,2013,9996513,16681,599
761,Artesia,2014,11044901,16776,658
762,Artesia,2015,11069748,16849,657
763,Artesia,2016,11856680,16883,702
764,Arroyo Grande,2003,19466389,16523,1178
765,Arroyo Grande,2004,17134671,16582,1033
766,Arroyo Grande,2005,19085145,16537,1154
767,Arroyo Grande,2006,19589460,16599,1180
768,Arroyo Grande,2007,20811478,16759,1242
769,Arroyo Grande,2008,24268109,17036,1425
770,Arroyo Grande,2009,21865693,17080,1280
771,Arroyo Grande,2010,21938609,17145,1280
772,Arroyo Grande,2011,25624501,17365,1476
773,Arroyo Grande,2012,23025356,17291,1332
774,Arroyo Grande,2013,23493854,17395,1351
775,Arroyo Grande,2014,25673179,17334,1481
776,Arroyo Grande,2015,26376423,17428,1513
777,Arroyo Grande,2016,24781267,17731,1398
778,Arcata,2003,19067907,16923,1127
779,Arcata,2004,15310896,17111,895
780,Arcata,2005,19110862,17289,1105
781,Arcata,2006,16713640,17294,966
782,Arcata,2007,26002252,17244,1508
783,Arcata,2008,22252117,17558,1267
784,Arcata,2009,22397521,17610,1272
785,Arcata,2010,25042182,17712,1414
786,Arcata,2011,30865701,17318,1782
787,Arcata,2012,29337998,17752,1653
788,Arcata,2013,25168667,17836,1411
789,Arcata,2014,26511782,17734,1495
790,Arcata,2015,32472356,17898,1814
791,Arcata,2016,37904466,18169,2086
792,Arcadia,2003,51404350,55531,926
793,Arcadia,2004,51459534,55867,921
794,Arcadia,2005,56507711,56320,1003
795,Arcadia,2006,67146170,56145,1196
796,Arcadia,2007,67439445,56556,1192
797,Arcadia,2008,68539951,56491,1213
798,Arcadia,2009,70937383,56547,1254
799,Arcadia,2010,66802968,56719,1178
800,Arcadia,2011,77961172,56548,1379
801,Arcadia,2012,70248357,56546,1242
802,Arcadia,2013,84259716,56866,1482
803,Arcadia,2014,86877748,57500,1511
804,Arcadia,2015,85161512,57761,1474
805,Arcadia,2016,87719309,57050,1538
806,Apple Valley,2003,30060786,58883,511
807,Apple Valley,2004,29224566,61330,477
808,Apple Valley,2005,40218691,63853,630
809,Apple Valley,2006,55232774,67507,818
810,Apple Valley,2007,48822444,70297,695
811,Apple Valley,2008,58297603,70092,832
812,Apple Valley,2009,45227373,69861,647
813,Apple Valley,2010,46010667,70040,657
814,Apple Valley,2011,46619458,69668,669
815,Apple Valley,2012,46153218,70033,659
816,Apple Valley,2013,45093774,70436,640
817,Apple Valley,2014,51780078,70755,732
818,Apple Valley,2015,62096416,71396,870
819,Apple Valley,2016,70259057,74656,941
820,Antioch,2003,74925701,99295,755
821,Antioch,2004,79030141,100590,786
822,Antioch,2005,95913917,101049,949
823,Antioch,2006,85533798,100945,847
824,Antioch,2007,90273353,100150,901
825,Antioch,2008,92965169,100361,926
826,Antioch,2009,88312928,100957,875
827,Antioch,2010,87370025,102330,854
828,Antioch,2011,88393027,103054,858
829,Antioch,2012,81542031,103833,785
830,Antioch,2013,85498803,105117,813
831,Antioch,2014,93753427,106455,881
832,Antioch,2015,99624766,108298,920
833,Antioch,2016,102456004,112968,907
834,Angels,2003,7165974,3349,2140
835,Angels,2004,6853192,3441,1992
836,Angels,2005,12149452,3537,3435
837,Angels,2006,8648709,3576,2419
838,Angels,2007,9190225,3589,2561
839,Angels,2008,8632998,3593,2403
840,Angels,2009,8267156,3575,2312
841,Angels,2010,9538085,3549,2688
842,Angels,2011,9680684,3840,2521
843,Angels,2012,6823958,3752,1819
844,Angels,2013,7091758,3753,1890
845,Angels,2014,8122891,3726,2180
846,Angels,2015,7721584,3811,2026
847,Angels,2016,7653993,4045,1892
848,Anderson,2003,9884204,9508,1040
849,Anderson,2004,11247474,10071,1117
850,Anderson,2005,12034064,10441,1153
851,Anderson,2006,10826514,10677,1014
852,Anderson,2007,14035266,10594,1325
853,Anderson,2008,14332065,10579,1355
854,Anderson,2009,12093845,10765,1123
855,Anderson,2010,9286969,10826,858
856,Anderson,2011,11950254,10005,1194
857,Anderson,2012,8678831,10195,851
858,Anderson,2013,9370337,10267,913
859,Anderson,2014,8951493,10361,864
860,Anderson,2015,10517310,10269,1024
861,Anderson,2016,13138675,10485,1253
862,Anaheim,2003,720600396,337440,2135
863,Anaheim,2004,811992019,343046,2367
864,Anaheim,2005,786546744,345317,2278
865,Anaheim,2006,912446740,342410,2665
866,Anaheim,2007,1459750590,345556,4224
867,Anaheim,2008,970882557,346823,2799
868,Anaheim,2009,1030813496,348467,2958
869,Anaheim,2010,964464291,353643,2727
870,Anaheim,2011,1022757247,341034,2999
871,Anaheim,2012,1039290025,343793,3023
872,Anaheim,2013,1149222697,346161,3320
873,Anaheim,2014,1157749339,348305,3324
874,Anaheim,2015,1315642721,351433,3744
875,Anaheim,2016,1177907888,358136,3289
876,American Canyon,2003,18777391,12331,1523
877,American Canyon,2004,26619151,13156,2023
878,American Canyon,2005,27777681,14306,1942
879,American Canyon,2006,29363917,14961,1963
880,American Canyon,2007,36361833,16031,2268
881,American Canyon,2008,32221842,16293,1978
882,American Canyon,2009,36977770,16503,2241
883,American Canyon,2010,25107147,16836,1491
884,American Canyon,2011,26566269,19693,1349
885,American Canyon,2012,25268500,19809,1276
886,American Canyon,2013,27147633,19862,1367
887,American Canyon,2014,30973086,20001,1549
888,American Canyon,2015,29380044,20149,1458
889,American Canyon,2016,39553539,20374,1941
890,Amador,2003,352805,208,1696
891,Amador,2004,309261,208,1487
892,Amador,2005,532418,216,2465
893,Amador,2006,304938,213,1432
894,Amador,2007,2406387,214,11245
895,Amador,2008,844007,208,4058
896,Amador,2009,376597,209,1802
897,Amador,2010,516939,208,2485
898,Amador,2011,576130,186,3097
899,Amador,2012,356343,182,1958
900,Amador,2013,548177,182,3012
901,Amador,2014,3228321,179,18035
902,Amador,2015,1091489,183,5964
903,Amador,2016,349467,190,1839
904,Alturas,2003,4136651,2812,1471
905,Alturas,2004,2719432,2840,958
906,Alturas,2005,3142251,2838,1107
907,Alturas,2006,3166458,2866,1105
908,Alturas,2007,4191119,2827,1483
909,Alturas,2008,8186722,2804,2920
910,Alturas,2009,5123478,2782,1842
911,Alturas,2010,4150202,2798,1483
912,Alturas,2011,3503938,2822,1242
913,Alturas,2012,3787161,2774,1365
914,Alturas,2013,5295883,2754,1923
915,Alturas,2014,3219695,2668,1207
916,Alturas,2015,3868478,2723,1421
917,Alturas,2016,5761271,2684,2147
918,Aliso Viejo,2003,13124035,43879,299
919,Aliso Viejo,2004,12876402,44833,287
920,Aliso Viejo,2005,13886962,45017,308
921,Aliso Viejo,2006,18113210,44924,403
922,Aliso Viejo,2007,28260521,45037,627
923,Aliso Viejo,2008,46061908,45249,1018
924,Aliso Viejo,2009,20341279,45683,445
925,Aliso Viejo,2010,17157509,46123,372
926,Aliso Viejo,2011,18784151,48320,389
927,Aliso Viejo,2012,19872172,48988,406
928,Aliso Viejo,2013,17969676,49477,363
929,Aliso Viejo,2014,19640451,49951,393
930,Aliso Viejo,2015,19534327,50204,389
931,Aliso Viejo,2016,20608025,50509,408
932,Alhambra,2003,69005097,88938,776
933,Alhambra,2004,73287761,89704,817
934,Alhambra,2005,78775115,90561,870
935,Alhambra,2006,89951247,89326,1007
936,Alhambra,2007,93359535,89488,1043
937,Alhambra,2008,89281143,89259,1000
938,Alhambra,2009,88409916,89171,991
939,Alhambra,2010,100149101,89501,1119
940,Alhambra,2011,103579205,83450,1241
941,Alhambra,2012,106007275,83661,1267
942,Alhambra,2013,106093504,84240,1259
943,Alhambra,2014,116124032,84697,1371
944,Alhambra,2015,110050437,85545,1286
945,Alhambra,2016,115993675,86782,1337
946,Albany,2003,25841727,16787,1539
947,Albany,2004,20049794,16722,1199
948,Albany,2005,27661773,16743,1652
949,Albany,2006,21189973,16680,1270
950,Albany,2007,24185642,16764,1443
951,Albany,2008,37288590,16877,2209
952,Albany,2009,31026068,16884,1838
953,Albany,2010,24924953,17021,1464
954,Albany,2011,26655984,18622,1431
955,Albany,2012,25817029,18488,1396
956,Albany,2013,26357373,18430,1430
957,Albany,2014,31830206,18472,1723
958,Albany,2015,28109961,18565,1514
959,Albany,2016,35120955,18893,1859
960,Alameda,2003,145006838,74940,1935
961,Alameda,2004,140981174,74409,1895
962,Alameda,2005,143214313,74581,1920
963,Alameda,2006,162447358,74405,2183
964,Alameda,2007,181933558,75254,2418
965,Alameda,2008,182807850,75823,2411
966,Alameda,2009,177799783,74683,2381
967,Alameda,2010,171255424,75409,2271
968,Alameda,2011,167723599,74081,2264
969,Alameda,2012,159052967,74640,2131
970,Alameda,2013,166123124,75126,2211
971,Alameda,2014,200341642,75988,2636
972,Alameda,2015,189001535,76638,2466
973,Alameda,2016,215187532,79277,2714
974,Agoura Hills,2003,16192116,21930,738
975,Agoura Hills,2004,16926864,22127,765
976,Agoura Hills,2005,17889207,23330,767
977,Agoura Hills,2006,18605145,23231,801
978,Agoura Hills,2007,21809043,23340,934
979,Agoura Hills,2008,18532560,23337,794
980,Agoura Hills,2009,18188712,23337,779
981,Agoura Hills,2010,15829384,23387,677
982,Agoura Hills,2011,16639271,20393,816
983,Agoura Hills,2012,15585529,20413,764
984,Agoura Hills,2013,16239870,20516,792
985,Agoura Hills,2014,25485389,20625,1236
986,Agoura Hills,2015,23443915,20767,1129
987,Agoura Hills,2016,28100766,21211,1325
988,Adelanto,2004,17233486,21271,810
989,Adelanto,2005,20408343,23418,871
990,Adelanto,2006,26349626,24880,1059
991,Adelanto,2008,29280121,28181,1039
992,Adelanto,2009,29104128,28265,1030
993,Adelanto,2010,53616428,28540,1879
994,Adelanto,2011,13165265,31671,416
995,Adelanto,2012,13532422,31066,436
996,Adelanto,2013,11448926,31289,366
997,Adelanto,2014,13047272,32511,401
998,Adelanto,2015,14051611,33084,425
999,Adelanto,2016,14565863,33497,435
